,jamon,score,v1,v2,v3
0,29,9.230150718206403,2383,59,1857
1,30,3.337671315175867,1598,61,2696
2,31,13.169420769425383,2883,67,1865
3,32,6.777707878140972,2898,56,2822
4,33,8.661535995793407,2877,44,1553
5,34,3.365009113000519,1966,55,2683
6,35,4.829659707502096,1786,66,2823
7,36,10.59962283451268,2813,63,2199
8,37,8.19523981401128,2882,52,2187
9,38,10.042944970115233,2859,49,1498
10,39,10.098959179024256,2334,64,1902
