,jamon,score,v1,v2,v3
0,29,9.795499404182785,2383,59,1857
1,30,2.6347473102066177,1598,61,2696
2,31,14.27276400696929,2883,67,1865
3,32,4.447081486304239,2898,56,2822
4,33,8.020052793151468,2877,44,1553
5,34,1.8211458917487322,1966,55,2683
6,35,4.253544090275242,1786,66,2823
7,36,10.533097687476868,2813,63,2199
8,37,6.929242942883785,2882,52,2187
9,38,10.079978644234593,2859,49,1498
10,39,11.127757331358794,2334,64,1902
